{"x_mean": [[[0.0]]], "x_std": [[[1.0]]], "energy_mean": [[-81383.71286625839, -81378.40786866132]], "energy_std": [[2.8654457482540403, 2.900500150674712]], "gradient_mean": [[[[0.0]], [[0.0]]]], "gradient_std": [[[[2.8654457482540403]], [[2.900500150674712]]]]}