{"x_mean": [[[0.0]]], "x_std": [[[1.0]]], "energy_mean": [[-14381.986264479181, -14378.763818378526]], "energy_std": [[1.725003357694236, 1.8504284861367974]], "gradient_mean": [[[[0.0]], [[0.0]]]], "gradient_std": [[[[1.7250033576942363]], [[1.8504284861367977]]]]}