{"x_mean": [[[0.0]]], "x_std": [[[1.0]]], "energy_mean": [[-14381.983154440779, -14378.75781792969]], "energy_std": [[1.71713691972424, 1.8476540391980556]], "gradient_mean": [[[[0.0]], [[0.0]]]], "gradient_std": [[[[1.7171369197242403]], [[1.8476540391980558]]]]}