{"x_mean": [[[0.0]]], "x_std": [[[1.0]]], "energy_mean": [[-81383.73773912151, -81378.40711542699]], "energy_std": [[2.8765510031703876, 2.8979576842315264]], "gradient_mean": [[[[0.0]], [[0.0]]]], "gradient_std": [[[[2.8765510031703876]], [[2.8979576842315264]]]]}