{"x_mean": [[[0.0]]], "x_std": [[[1.0]]], "energy_mean": [[-19772.862527608446, -19770.05447674107]], "energy_std": [[1.715020557868896, 1.6837915255589022]], "gradient_mean": [[[[0.0]], [[0.0]]]], "gradient_std": [[[[1.7150205578688962]], [[1.6837915255589024]]]]}