{"x_mean": [[[0.0]]], "x_std": [[[1.0]]], "energy_mean": [[-19772.860880340086, -19770.04724524481]], "energy_std": [[1.7213041765068826, 1.6807392294596053]], "gradient_mean": [[[[0.0]], [[0.0]]]], "gradient_std": [[[[1.7213041765068828]], [[1.6807392294596055]]]]}