{"x_mean": [[[0.0]]], "x_std": [[[1.0]]], "energy_mean": [[-16846.523176600913, -16841.759803490517]], "energy_std": [[2.9977462725376807, 2.753759676668655]], "gradient_mean": [[[[0.0]], [[0.0]]]], "gradient_std": [[[[2.9977462725376807]], [[2.753759676668655]]]]}