{"x_mean": [[[0.0]]], "x_std": [[[1.0]]], "energy_mean": [[-16846.513214494687, -16841.737420081754]], "energy_std": [[3.0031287672902964, 2.777399963821594]], "gradient_mean": [[[[0.0]], [[0.0]]]], "gradient_std": [[[[3.0031287672902964]], [[2.777399963821594]]]]}