{"x_mean": [[[0.0]]], "x_std": [[[1.0]]], "energy_mean": [[-17077.259292977116, -17073.771654104996]], "energy_std": [[1.6316062767103827, 1.8733224555074042]], "gradient_mean": [[[[0.0]], [[0.0]]]], "gradient_std": [[[[1.631606276710383]], [[1.8733224555074044]]]]}