{"x_mean": [[[0.0]]], "x_std": [[[1.0]]], "energy_mean": [[-17077.24600503262, -17073.756981256487]], "energy_std": [[1.6151507830110954, 1.8627677259408717]], "gradient_mean": [[[[0.0]], [[0.0]]]], "gradient_std": [[[[1.6151507830110956]], [[1.862767725940872]]]]}