{"x_mean": [[[0.0]]], "x_std": [[[1.0]]], "energy_mean": [[-22468.605748144724, -22465.69434396627, -22464.509957404618]], "energy_std": [[1.3164725067510124, 1.2452594886532369, 1.1182504253775565]], "gradient_mean": [[[[0.0]], [[0.0]], [[0.0]]]], "gradient_std": [[[[1.3164725067510126]], [[1.245259488653237]], [[1.1182504253775567]]]]}