{"x_mean": [[[0.0]]], "x_std": [[[1.0]]], "energy_mean": [[-22468.621170549253, -22465.696655988282, -22464.52306106196]], "energy_std": [[1.3278650572438198, 1.2394951456030814, 1.1178152511934245]], "gradient_mean": [[[[0.0]], [[0.0]], [[0.0]]]], "gradient_std": [[[[1.32786505724382]], [[1.2394951456030816]], [[1.1178152511934247]]]]}