{"x_mean": [[[0.0]]], "x_std": [[[1.0]]], "energy_mean": [[-33544.694241595476, -33539.65578960719]], "energy_std": [[3.782182140165471, 3.8589865611061915]], "gradient_mean": [[[[0.0]], [[0.0]]]], "gradient_std": [[[[3.782182140165471]], [[3.8589865611061915]]]]}