{"x_mean": [[[0.0]]], "x_std": [[[1.0]]], "energy_mean": [[-33544.669628070966, -33539.648573735176]], "energy_std": [[3.7555154616450652, 3.8433592698399703]], "gradient_mean": [[[[0.0]], [[0.0]]]], "gradient_std": [[[[3.7555154616450652]], [[3.8433592698399703]]]]}